Industry Description,Number of establishments,Total employment,Paid employees,Total income,Total expense,Compensation,Other expense,Value of output,Intermediate expense,Value added,Gross addition to tangible fixed assets,Change in inventories,Subsidies,Sales from e-commerce transactions
Slaughtering and meat packing,40,4698,4655,2890738,2634770,480498,2154272,2797290,1791983,928288,110654,6090,591,0
Production processing and preserving of meat and meat products,82,16023,16007,77845228,73917430,3672600,70244831,78016221,59869009,9718763,1060263,-343099,0,0
Canning/packing of fish and other marine products,43,11929,11918,23672393,23373523,1616280,21757243,22649219,18234400,2855242,247139,-274938,0,0
Drying of fish and other marine products,3,168,168,610647,595481,45967,549515,664895,518607,83451,165769,51454,0,0
Smoking of fish and other marine products,s,s,s,s,s,s,s,s,s,s,s,s,s,s
Manufacture of fish paste (bagoong) and fish sauce(patis),16,925,913,899811,767511,173533,593978,905809,460354,335525,-350,31690,0,0
Processing of seaweeds; manufacture of agar-agar or carageenan,18,1330,1320,9317957,8626013,394383,8231630,9449088,7591325,1354751,93386,-28203,0,0
Production of fishmeal/prawn feeds,8,719,719,4595726,4535373,232560,4302813,4555226,3934789,401948,76066,-10946,0,0
"Manufacture of unprepared animal feeds from fish, crustaceans and mollusks and other aquatic animals",6,360,360,4204584,3945647,105729,3839918,4178452,3329702,563001,91420,21681,0,0
"Processing, preserving and canning of fish, crustacean and mollusks, n.e.c. manufacture of fishball, etc.",39,3082,3046,4522011,4341414,357046,3984367,4441177,3484117,638785,32717,-73858,34,0
Canning/packing and preserving of fruits and fruit juices,36,13191,13179,26559086,25058015,4053548,21004466,26247656,16712051,6231945,473382,-208443,0,0
Canning/packing and preserving of vegetables and vegetable juices,s,s,s,s,s,s,s,s,s,s,s,s,s,s
Manufacture of fruit and vegetable sauces (e.g. tomato sauce and paste),18,1604,1603,14995353,13735112,1054411,12680701,14484353,9049874,2729758,476766,109743,0,0
Quick-freezing of fruits and vegetables,s,s,s,s,s,s,s,s,s,s,s,s,s,s
Roasting of nut or manufacture of nut foods and pastes,14,1201,1198,2081389,1952653,150764,1801889,2103053,1751309,303483,0,32903,0,0
"Manufacture of perishable prepared foods of fruit and vegetables, such as: salad, peeled or cut vegetables, tofu (bean curd)",10,490,461,863489,828751,53733,775019,861041,675713,142348,725,17821,0,0
"Processing and preserving of fruits and vegetables, n.e.c.",c,c,c,c,c,c,c,c,c,c,c,c,c,c
Manufacture of virgin coconut oil,20,1663,1657,31547838,29465482,323681,29141801,30743891,27768900,2471112,156787,464554,0,0
Manufacture of desiccated coconut,15,8224,8224,20418368,18062727,1544431,16518297,20734501,14898265,4399589,104892,533241,0,0
Manufacture of nata de coco,8,549,546,870883,796586,61771,734815,865221,695430,143811,0,-19468,0,0
"Production of crude vegetable oil, cake and meals, other than virgin coconut oil (see class 1041)",11,903,903,3635698,3434672,102499,3332173,3756850,3168119,446775,9878,-166697,0,0
Manufacture of refined coconut and other vegetable oil (including corn oil) and margarine,38,3082,3069,37039383,36342835,774717,35568118,37049139,33662673,2199625,241552,513941,0,0
"Manufacture of unprepared animal feeds from vegetable, animal oils and fats",4,179,179,2473512,2426953,46737,2380215,2331765,2067534,230012,13816,76965,0,0
"Manufacture of vegetable and animal oil and fats, n.e.c.",s,s,s,s,s,s,s,s,s,s,s,s,s,s
Processing of fresh milk and cream,9,4070,4070,147219584,124811337,7374878,117436460,142354050,66542112,33400669,1909473,-3564963,0,0
"Manufacture of powdered milk (except for infants) and condensed or evaporated milk (filled, combined or reconstituted)",c,c,c,c,c,c,c,c,c,c,c,c,c,c
Manufacture of infants' powdered milk,c,c,c,c,c,c,c,c,c,c,c,c,c,c
"Manufacture of butter, cheese and curd",3,1225,1225,24278795,19186844,1227629,17959215,23864404,12024643,7227772,218836,-347306,0,0
"Manufacture of ice cream and sherbet, ice drop, ice candy and other flavored ices",11,1103,1096,8852057,5935598,560471,5375127,8860461,4614620,3889226,13621,-131510,0,0
Manufacture of milk-based infants' and dietetic foods,13,4231,4230,35305405,27969626,3072248,24897378,34455286,15308509,12311725,760962,-590102,0,0
"Manufacture of dairy products, n.e.c.",c,c,c,c,c,c,c,c,c,c,c,c,c,c
Rice/corn milling,104,4622,4534,30850907,26149703,583132,25566571,29465157,21236620,6278339,326484,3755876,0,0
Cassava flour milling,3,171,171,284435,298707,20068,278639,322087,280011,23192,13001,44884,0,0
Flour milling except cassava flour milling,11,2214,2213,55332754,47312349,1408071,45904278,54754107,39699891,11160844,1626052,1028645,1520,0
"Manufacture of cereal breakfast foods obtained by roasting or swelling, etc.",s,s,s,s,s,s,s,s,s,s,s,s,s,s
Manufacture of unprepared animal feeds from grain milling residues,14,995,994,10752814,10439730,272167,10167563,11066202,9621255,725683,123484,873783,0,0
"Manufacture of flour mixes and prepared blended flour and dough for bread, cakes, biscuits or pancakes",3,234,234,1510233,1269410,166080,1103330,1447029,971408,400200,5471,-78363,0,0
"Manufacture of grain and vegetable mill products, n.e.c.",c,c,c,c,c,c,c,c,c,c,c,c,c,c
Manufacture of starches and starch products,4,1141,1141,5555326,4959652,199849,4759803,6075035,4560715,1012780,0,421243,0,0
"Baking of bread, cakes, pastries, pies and similar 'perishable' bakery products, including hopia and doughnut making",417,35623,35345,52765323,48297035,6679356,41617679,50537328,32323529,11490203,363238,1360260,248650,0
"Baking of biscuits cookies, crackers, pretzels and similar dry bakery products",37,14273,14268,61513938,51629008,4144836,47484172,61325057,39907109,15963643,177203,2395560,0,0
Manufacture of ice cream cones (apa) and wafers (barquillos),5,210,210,394503,383697,31554,352143,364167,283947,58990,106184,21587,0,0
"Manufacture of snack products such as corn curls, wheat crunchies and similar products",52,10367,10363,27903363,25840367,1975335,23865032,27368722,19861717,4965854,57988,481292,103890,0
Sugarcane milling,22,8611,8593,45051296,40458221,3311582,37146639,42119716,24622855,10373416,1785953,761685,0,0
Sugar refining,s,s,s,s,s,s,s,s,s,s,s,s,s,s
Manufacture of muscovado sugar not carried on in the farm,4,353,353,176746,173920,26868,147052,176289,121838,40086,229,81,0,0
"Manufacture of sugar, n.e.c.",4,701,701,7456090,6857999,317356,6540643,6932138,5696589,1115032,0,-272449,0,0
Manufacture of chocolate and cocoa products including chocolate candies,8,817,807,2585793,2522652,312332,2210319,2598598,1803550,531027,43066,154803,0,0
Manufacture of candies (excluding chocolate candies) and chewing gum,33,2992,2952,5977174,5764479,700788,5063691,5966429,4290961,1249769,130097,-50490,0,0
Manufactur e of popcorn and poprice,3,828,822,471351,442000,119288,322712,470456,214738,169369,47679,-4636,0,0
"Manufacture of chocolate and sugar confectionery products, n.e.c.",7,1116,1116,2023134,1958719,199459,1759260,2024112,1563518,303050,0,41984,0,0
"Manufacture of macaroni, noodles, couscous and similar farinaceous products",71,8105,8096,55810918,48927777,4905378,44022399,53797485,34706337,11409733,238166,1088718,0,0
Manufacture of prepared meals and dishes,4,262,262,756193,746243,119247,626996,764281,397993,280975,0,-27159,0,0
Manufacture of food supplements from herbs and other plants,s,s,s,s,s,s,s,s,s,s,s,s,s,s
Coffee roasting and processing,8,2546,2546,1269335,1113704,203835,909869,1238128,787491,418959,195952,52499,0,0
"Manufacture of herb from drying and further extraction ( e.g. banaba, ampalaya, moringa (malunggay), sambong, lagundi etc.)",..,..,..,..,..,..,..,..,..,..,..,..,..,..
"Manufacture of ice, except dry ice",58,2537,2520,3737079,3270275,403003,2867272,3663742,2379513,1161310,164425,18781,0,0
Manufacture of infant or dietetic foods containing homogenized ingredients,s,s,s,s,s,s,s,s,s,s,s,s,s,s
Egg processing including fertilized egg (balut) and salted eggs,s,s,s,s,s,s,s,s,s,s,s,s,s,s
Manufacture of flavoring extracts and food coloring,11,1123,1114,3207119,2842129,321594,2520535,3187436,2209302,786114,28190,126015,0,0
"Manufacture of mayonnaise, salad dressing, sandwich spread and similar products",4,390,390,10612704,8385969,491929,7894040,10333142,4320951,2812388,0,-144573,0,0
Manufacture of vinegar,4,144,134,2346493,2053412,239176,1814236,2347849,1217996,632644,6544,126884,0,0
"Manufacture of food products, n.e.c.",48,4643,4634,25557307,23231411,2026225,21205187,25631598,17327884,5078936,241129,1452172,0,0
Manufacture of prepared animal feeds,120,8883,8834,79816668,77524251,2665076,74859176,78317229,66232085,7893900,2566789,-1673480,0,0
"Distilling, rectifying and blending of spirits",9,1310,1307,53785984,43793043,722025,43071018,52352823,29006375,19375155,388242,-642272,0,0
Fruit wine manufacturing,..,..,..,..,..,..,..,..,..,..,..,..,..,..
"Wine manufacturing, n.e.c.",s,s,s,s,s,s,s,s,s,s,s,s,s,s
Manufacture of malt liquors and malt,9,4087,4087,84852907,54822539,2478106,52344433,83404593,16784680,62834935,2368768,96095,0,0
"Manufacture of soft drinks except drinks flavored with fruit juices, syrups or other materials",33,6842,6842,51337075,43593048,4038949,39554098,50524750,27432333,14734298,2319709,-150478,0,0
"Manufacture of drinks flavored with fruit juices, syrups or other materials",11,1195,1195,2311026,2066393,251487,1814906,2265639,1379186,622816,51776,-17478,2892,0
Manufacture of bottled water,30,2902,2900,3132483,2982892,511237,2471655,3091690,1773050,890503,419358,-34496,0,0
Manufacture of sports and energy drink,3,212,212,5721480,4468383,117985,4350397,5740859,2708609,1879554,500149,-13546,0,0
"Manufacture of other beverages, n.e.c.",..,..,..,..,..,..,..,..,..,..,..,..,..,..
Manufacture of cigarettes,7,7673,7673,142216633,140404574,6875357,133529217,144961356,28926414,108694858,2034714,2808395,0,689
Manufacture of cigars,c,c,c,c,c,c,c,c,c,c,c,c,c,c
"Manufacture of chewing and smoking tobacco, snuff",4,929,927,1269719,1218312,136672,1081640,1449797,951171,242914,0,181281,0,0
Curing and redrying tobacco leaves,3,1704,1704,3372550,3355246,281042,3074204,3832542,2729255,429665,83264,290400,0,0
Spinning,15,2254,2253,4387440,4063614,530779,3532836,3961495,2689769,1037890,179081,75489,21022,0
"Preparation of textiles, n.e.c.",..,..,..,..,..,..,..,..,..,..,..,..,..,..
Weavi ng of textiles,17,685,681,656167,587697,88684,499013,620279,397140,215393,6442,-8636,0,0
Finishing of textiles,30,3376,3348,3649170,4055709,515883,3539826,3326568,2774981,300044,184851,-608461,0,0
Preparation and finishing of textiles (integrated),3,353,344,470426,397538,40975,356563,542314,393122,138406,0,63999,0,0
Manufacture of knitted and crocheted fabrics,13,684,679,1084646,1052530,100391,952140,1086953,901212,168235,0,-10119,0,0
Manufacture of textile industrial bags,12,8949,8936,7790220,6880980,1349561,5531419,7592947,5002190,2392952,10015,-318101,0,0
Manufacture of made-up textile goods for house furnishings,23,2990,2986,3552180,3487395,464090,3023305,3519727,2613352,673885,60673,69709,0,0
Manufacture of canvas products,11,2109,2109,1252886,1223732,448054,775680,1241235,630394,517206,1902,-41532,0,0
"Manufacture of made-up textile articles, except wearing apparel, n.e.c.",c,c,c,c,c,c,c,c,c,c,c,c,c,c
"Manufacture of carpets and rugs, except mats of textile materials",10,919,916,558921,511567,89874,421693,551090,356975,158129,9465,10764,0,0
Manufacture of mats (including mattings) of textile materials,s,s,s,s,s,s,s,s,s,s,s,s,s,s
"Manufacture of cordage, rope, and twine",11,1763,1757,2280199,1984636,352365,1632270,2287567,1480635,715833,6126,46834,0,0
"Manufacture of fishing nets and other nettings, (excluding mosquito and hairnets)",4,847,775,1370679,1333852,168144,1165707,1430498,1196858,225790,1481,-10224,2651,0
"Manufacture of products of cordage, rope and twine products",s,s,s,s,s,s,s,s,s,s,s,s,s,s
Manufacture of embroidered fabrics,8,299,298,87703,67022,28970,38052,87021,25914,55889,127,718,0,0
"Manufacture of narrow fabrics, laces, tulles and other net fabrics",14,770,769,476477,466503,109991,356512,473584,324848,137133,2985,1010,0,0
"Manufacture of fabrics, impregnated, coated, covered or laminated with plastic",s,s,s,s,s,s,s,s,s,s,s,s,s,s
"Manufacture of fabrics, impregnated, coated, covered or laminated other than with plastic and rubber",..,..,..,..,..,..,..,..,..,..,..,..,..,..
"Manufacture of fiber batting, padding and upholstery filling including coir",10,471,471,613010,603089,52927,550161,588765,438548,87055,0,34128,28,0
"Manufacture of miscellaneous textiles, n.e.c.",4,182,182,130822,184298,38654,145644,123028,121834,-13351,5692,2329,0,0
Men's and boys' garment manufacturing,156,22011,21913,12905592,12265246,4016078,8249168,13453179,7702223,5133304,64286,652094,0,0
Women's and girls' and babies' garment manufacturing,212,40644,40591,26748898,23788200,6804516,16983684,26944527,14450839,10732582,488771,596856,0,0
Ready-made embroidered garments manufacturing,13,2777,2777,434980,361256,229082,132175,434872,96087,317596,1443,876,0,0
"Manufacture of hats, gloves, handkerchiefs, neckwear and belts regardless of material",26,4196,4184,2313939,2233033,657840,1575193,2243903,1245406,840763,41055,25467,0,0
"Manufacture of wearing apparel, n.e.c",90,23963,23958,10101766,9911739,4180184,5731555,10191433,4948009,4786159,144617,24815,0,8313
Custom tailoring,33,1195,1114,290957,239838,102738,137100,280695,105715,159584,70,23623,0,0
Custom dressmaking,15,444,429,148406,165266,34857,130410,134612,91204,23809,652,-29752,0,0
Manufacture of knitted and crocheted apparel,7,1809,1808,511722,511725,267180,244544,517084,178139,278782,0,3764,0,0
"Manufacture of knitted or crocheted hosiery, underwear and outerwear when knitted o r crocheted directly into shape",13,1722,1722,2079560,1779312,378655,1400657,2033053,1058929,734275,20714,-58127,0,0
"Manufacture of knitted and crocheted articles, n.e.c.",s,s,s,s,s,s,s,s,s,s,s,s,s,s
Tanning and dressing of leather,3,199,198,224700,212201,17305,194896,230311,175889,44296,2274,-4743,0,0
"Manufacture of luggage, handbags and wallets of leather and imitation leather",49,11372,11315,7240197,6641868,1526549,5115319,7008077,4527367,2329557,272992,-1093,0,0
"Manufature of products of leather and imitation leather, n.e.c.",11,8476,8474,17444857,15460477,1640470,13820007,17311741,12170042,4363764,101183,-1451473,0,0
Manufacture of leather shoes,47,4042,3987,2245684,2144393,418696,1725696,2263738,1486531,633015,37347,79118,0,0
Manufacture of rubber shoes,9,1006,1004,560005,556288,125537,430751,567470,415302,139047,4873,34221,0,0
Manufacture of plastic shoes,s,s,s,s,s,s,s,s,s,s,s,s,s,s
Manufacture of shoes made of textile materials with applied soles,s,s,s,s,s,s,s,s,s,s,s,s,s,s
Manufacture of wooden footwear and accessories,s,s,s,s,s,s,s,s,s,s,s,s,s,s
Manufacture of rubber slippers,13,1093,1092,1035570,993092,183309,809784,1066359,771819,277975,10785,43043,0,0
"Manufacture of slippers and sandals, other than rubber",16,1126,1086,450433,431498,75724,355774,448531,321720,111618,3953,-16823,0,0
Manufacture of leather parts of footwear,7,656,654,547826,540567,122751,417816,552292,262341,164734,37056,12652,0,0
"Manufacture of other footwear, n.e.c.",c,c,c,c,c,c,c,c,c,c,c,c,c,c
Manufacture of rough lumber,24,1929,1910,1292474,1152881,150213,1002668,1289196,849664,349036,9404,25868,0,0
Manufacture of worked lumber,3,92,89,63036,58474,11076,47398,62560,36542,25050,0,9259,0,0
Wood preserving and drying,s,s,s,s,s,s,s,s,s,s,s,s,s,s
"Sawmilling and planing of wood products, n.e.c.",3,68,63,76020,79449,6704,72745,149411,123621,16467,0,14447,0,0
Manufacture of veneer sheets and plywood,35,4890,4881,9012757,7748639,819986,6928653,9035305,6048317,2391452,151086,-32063,0,0
"Manufacture of laminboard, particle board and other panels and board",s,s,s,s,s,s,s,s,s,s,s,s,s,s
"Manufacture of wooden window and door screens, shades and venetian blinds",4,370,370,714702,675309,88809,586500,719895,494354,160676,6108,16654,0,0
Manufacture of other builders' carpentry and joinery; millworking,13,5168,5155,24266272,22821332,933126,21888206,24419581,20949260,2774764,557034,607330,0,0
Manufacture of wooden containers,12,494,488,322678,308658,49851,258807,319532,227052,75168,5745,-20977,0,0
Manufacture of wood carvings,24,1510,1491,533410,504071,124178,379893,534551,282996,198397,25304,15967,45,0
Manufacture of charcoal outside the forest,4,366,363,716420,654786,40156,614630,707283,567564,148964,4913,20886,0,0
Manufacture of wooden wares,s,s,s,s,s,s,s,s,s,s,s,s,s,s
Manufacture of rattan and cane containers,5,331,331,218144,187526,31955,155570,208793,139999,58384,7616,-9928,0,0
"Manufacture of sawali, nipa and split canes",..,..,..,..,..,..,..,..,..,..,..,..,..,..
Manufacture of small cane wares,22,911,885,899249,785238,153416,631822,885146,533962,294478,13415,-1266,0,0
"Manufacture of articles of cork, straw and plaiting materials",..,..,..,..,..,..,..,..,..,..,..,..,..,..
"Manufacture other products of bamboo, cane, rattan and the like, and plaiting materials except furniture, n.e.c.",c,c,c,c,c,c,c,c,c,c,c,c,c,c
"Manufacture of other products of wood; manufacture of articles of cork and plaiting materials, except furniture, n.e .c.",16,973,963,684197,624505,178639,445866,657188,340570,280203,32815,-514,0,0
"Integrated pulp,paper and paperboard milling",10,919,913,2692612,2613414,227267,2386147,2649959,2122979,415065,4377,-49918,0,0
Pulp milling,7,704,704,4946448,4815737,207772,4607965,4964998,4348171,458808,59033,44160,0,0
Paper and paperboard milling,23,3210,3210,18318217,17011078,1134270,15876808,18510548,13779914,3089315,337254,-67744,0,0
Manufacture of hand-made paper,5,720,720,91113,89078,32582,56496,83016,30430,42103,0,-4503,0,0
"Manufacture of pulp, paper and paperboard, n.e.c.",11,748,746,2776669,2380084,140450,2239635,2020430,1317024,586512,7590,-120923,0,0
Manufacture of corrugated paper and paperboard and of containers of paper and paperboard,83,8187,8176,27915880,24394266,1521493,22872773,27524911,20682887,5844232,503359,159923,0,0
Manufacture of household and personal hygiene paper and cellulose wadding products,15,1955,1954,4715509,4523865,284620,4239245,4598866,3395447,660842,4842,-218175,0,0
"Manufacture of wadding of textile materials and articles of wadding (e.g. sanitary towels, tampons, etc.)",7,1005,1005,5230007,4921942,182747,4739194,5053308,4170022,579746,17921,-186147,0,0
Manufacture of other articles of paper,43,4685,4681,12800809,11771125,980696,10790429,12848646,9975783,2419330,339662,163950,138973,0
Manufacture of other articles of paperboard,13,635,632,1861668,1597878,406465,1191413,1862761,921499,798976,10118,16194,0,0
Printing,317,16376,16267,25757998,23656467,3380443,20276024,25660140,16566856,6857220,128120,414365,0,0
"Electrotyping, stereotyping and photoengraving",..,..,..,..,..,..,..,..,..,..,..,..,..,..
Bookbinding and related work,..,..,..,..,..,..,..,..,..,..,..,..,..,..
"Service activities related to printing, n.e.c.",20,885,885,1292698,1191808,152644,1039164,1272116,928126,284345,6136,4703,0,0
Reproduction of video and computer tapes from mastercopies,..,..,..,..,..,..,..,..,..,..,..,..,..,..
"Reproduction of floppy, hard or compact disks",3,407,407,356967,303688,52871,250817,355972,185886,119626,4762,3778,0,0
Film and video reproduction,c,c,c,c,c,c,c,c,c,c,c,c,c,c
Manufacture of refined petroleum products,11,3046,3043,401329171,388688272,6094055,382594217,388664642,331480265,35168809,15244243,-27226000,0,0
Manufacture of other fuel products,..,..,..,..,..,..,..,..,..,..,..,..,..,..
Manufacture of ethanol,3,621,621,3511100,3238227,153772,3084456,3355400,2583910,578025,104665,-13587,0,0
Manufacture of industrial (compressed and liquefied) gases,37,2380,2368,16481068,13831618,1151316,12680302,15233119,9867465,4155916,1029634,169809,0,0
Manufacture of inorganic salts and compounds,5,331,331,14901252,14577890,180867,14397023,14313266,13958214,215274,720706,-542876,0,112500
Manufacture of ethyl alcohol,4,363,363,3950143,3441900,156438,3285462,3981547,2632139,1075068,105636,194543,0,0
Manufacture of alcohol except ethyl/ethanol,4,663,663,5886368,4863445,559870,4303575,5941861,2908607,1667915,279809,120745,0,0
"Manufacture of inorganic acids, alkalis and chlorine",3,126,126,154984,187915,20968,166947,152871,95083,47420,821,-2137,0,0
Manufacture of organic acids and organic compounds,5,248,248,534843,527998,56651,471347,534563,436974,85074,8931,-36163,0,0
"Manufacture of basic chemicals, except fertilizers and nitrogen compounds, n.e.c.",13,1401,1401,23497960,22382558,677977,21704582,24055908,20827611,2161650,1870167,508485,0,0
Manufacture of fertilizers and nitrogen compounds,9,1352,1352,17286460,17103160,622563,16480597,17170398,13140455,2618903,130430,108794,0,0
Manufacture of plastic synthetic resins,13,865,865,15825297,15147134,381422,14765712,14194690,12056144,1472216,124639,-1670225,0,0
Manufacture of plastic materials except man-made fiber and glass fiber,4,334,334,281958,257260,59031,198228,281079,152342,98321,18526,7220,0,0
Manufacture of pesticides and other agro-chemical products,11,872,872,8343386,7802947,490389,7312557,8444836,5983249,1592938,12532,406858,0,0
Manufacture of paints,36,3643,3643,32042910,28678219,1039174,27639045,31253082,24834452,4974760,294100,-583254,0,0
"Manufacture of varnishes, lacquers, shellac and stains",..,..,..,..,..,..,..,..,..,..,..,..,..,..
"Manufacture of paint removers, thinners, and brush cleaners",s,s,s,s,s,s,s,s,s,s,s,s,s,s
Manufacture of pigments and other coloring matter of a kind used in the manufacture of paints or by artists or other painters,3,240,240,2715250,2143731,76851,2066880,2554367,2053572,420603,67283,59582,0,0
Manufacture of printing ink,16,997,997,2889638,2740776,244221,2496555,2740020,2089219,500492,22039,-147728,0,0
"Manufacture of paint products, n.e.c.",4,204,204,975419,916713,59992,856720,891234,743340,139726,10251,47569,0,0
Manufacture of soap and detergents,40,4796,4791,89845812,72129953,2874020,69255933,87845793,59277750,21967147,37134,-163088,0,0
"Manufacture of cleaning preparations, except soap and detergents",s,s,s,s,s,s,s,s,s,s,s,s,s,s
Manufacture of waxes and polishing preparations,s,s,s,s,s,s,s,s,s,s,s,s,s,s
"Manufacture of perfumes, cosmetics and other toilet preparations",51,5626,5618,16183268,14850338,1784460,13065878,15816869,9421516,4022375,489084,-77930,0,0
"Manufacture of explosives, fireworks and firecrackers",4,716,714,2934434,2232196,246527,1985669,2879037,1648911,992560,1142,-106887,0,0
Manufacture of matches,3,909,898,1393043,1228346,214301,1014045,1383643,696216,488368,12329,58433,0,0
Manufacture of writing and drawing ink,3,233,233,305064,298261,41466,256796,306054,194031,61669,1477,9223,0,0
Manufacture of glues and adhesives,13,1292,1292,8357656,6582174,617555,5964619,8365992,4660741,2724486,78089,32468,0,0
Manufacture of activated carbon,5,359,359,2622356,2518722,130660,2388062,2552890,2107835,286789,58179,74210,0,0
"Manufacture of miscellaneous chemical products, n.e.c.",9,1116,1116,5192787,1445486,311582,1133905,1695316,618372,686260,51715,45407,0,0
Manufacture of synthetic or artificial filament yarn,s,s,s,s,s,s,s,s,s,s,s,s,s,s
"Manufacture of man-made filament tow or staple fibers, except glass fiber",s,s,s,s,s,s,s,s,s,s,s,s,s,s
"Manufacture of drugs and medicines including biological products such as bacterial and virus vaccines, sera and plasma",84,13704,13666,70911473,63510389,7169673,56340716,50486418,23918276,15245831,3233323,-1194681,0,0
"Manufacture of surgical dressings, medicated wadding , fracture bandages, catgut, and other prepared sutures",3,480,480,496656,445774,66274,379501,484568,318912,131031,0,-22633,0,0
Manufacture of rubber tires (including parts) and tubes,7,3793,3758,17483426,15850325,1338320,14512005,16743618,10482664,5686767,2492309,-478227,0,0
Retreading and rebuilding of tires,3,131,129,103459,90541,18574,71968,89599,50897,35423,2067,-1239,0,0
Manufacture of rubber garments,3,162,162,100190,85108,29214,55894,106614,56089,46803,4746,5275,0,0
"Manufacture of industrial and other molded rubber products, excluding tires and tubes",56,7615,7612,10095229,9300092,1559114,7740978,9860319,6199821,2956115,271054,139814,644,0
"Manufacture of other rubber products, n.e.c.",20,1305,1305,2065447,1602815,187401,1415413,2000240,1229529,664146,10937,-249,0,0
"Manufacture of plastic articles for packing goods (e.g. boxes, bags, sacks, etc)",252,24108,23980,57677799,55651873,5291033,50360840,57163617,44090806,10321282,1043181,-805677,97945,0
Manu facture of plastic household wares,42,2650,2650,6866804,6359291,692961,5666330,6902781,5264513,1320214,88993,7471,0,0
Manufacture of plastic furniture fittings,..,..,..,..,..,..,..,..,..,..,..,..,..,..
Manufacture of plastic pipes and tubes,38,3727,3700,12071736,11201775,896662,10305114,11962683,9028646,2160942,64299,-203182,1990,0
"Manufacture of other plastic, industrial /office/school supplies",53,8209,8202,13888160,12705738,2043176,10662562,12921118,8215448,3884297,704048,-600468,0,0
"Manufacture of primary plastic products (e.g. sheets, film, plates, etc.)",12,644,644,1974779,2010683,142741,1867942,1958652,1554914,312397,20968,61208,0,0
Manufacture of linoleum and hard surface floor coverings,s,s,s,s,s,s,s,s,s,s,s,s,s,s
"Manufacture of plastic window and door screen, shades and venetian blinds",10,690,690,1354557,1284545,115066,1169479,1399639,1105325,222524,44484,9613,0,0
"Manufacture of plastics products, n.e.c.",81,6982,6980,9590729,9009717,1218037,7791680,9643016,6875884,2253167,273838,14343,0,0
Manufacture of flat glass (including float glass),10,995,995,4437963,4943598,490142,4453456,4209532,3185054,508052,419,-397858,0,0
Manufacture of glass containers,6,1228,1228,9515615,7937820,950207,6987613,9231907,4475405,3986246,492060,-264460,0,0
Manufacture of glass fibers (including glass wool) and yarn of glass fibers,11,1502,1492,1837651,1787436,288916,1498519,1820575,1242650,425230,27797,42424,0,0
"Manufacture of glass and glass products, n.e.c.",12,570,564,851329,837543,109277,728266,872017,669005,158071,22871,4895,0,0
Manufacture of refractory products,3,222,222,291872,232256,52716,179540,245120,76539,122682,761,8167,0,0
Manufacture of clay building materials,10,2949,2949,5334845,4562009,408203,4153806,5384065,2841401,1833497,376725,-133657,0,0
Manufacture of vitreous china tableware and other kitchen articles of a kind commonly used for domestic or toilet purposes,s,s,s,s,s,s,s,s,s,s,s,s,s,s
"Manufacture of articles of porcelain or china, stoneware, earthenware, imitation porcelain or common pottery",s,s,s,s,s,s,s,s,s,s,s,s,s,s
Manufacture of coarse clay products,7,841,841,597402,561001,164660,396341,596794,329224,212913,-710,6225,0,0
"Manufacture of sanitary ware, vitreous china plumbing fittings and fixtures",6,8360,8359,33835782,29258999,1676761,27582238,34039421,26655299,7123355,585127,345295,0,0
"Manufacture of other porcelain and ceramic products, n.e.c.",c,c,c,c,c,c,c,c,c,c,c,c,c,c
Manufacture of cement,17,4254,4248,86802595,70697151,4655135,66042016,86024334,45933058,29404049,2164851,450291,90647,0
Manufacture of lime,6,294,294,1280942,1161508,37710,1123799,1276931,891797,300354,36333,-62858,0,0
Manufacture of structural concrete products,99,6565,6494,19950075,18066368,1287853,16778515,19841431,15066891,3991454,555219,220371,0,0
"Manufacture of articles of concrete, cement and plaster, n.e.c.",8,379,379,2130601,1824792,168995,1655796,1921430,1029567,593298,0,-16814,0,0
"Cutting, shaping and finishing of stone",8,583,582,1885944,1676685,135656,1541029,1886126,1090060,435479,430,-43011,0,0
Manufacture of asphalt products,8,751,748,2070320,1687378,192049,1495328,1667872,1143018,678087,41723,16941,0,0
Manufacture of asbestos products,s,s,s,s,s,s,s,s,s,s,s,s,s,s
Manufacture of marble products,6,199,199,131099,89978,20531,69447,124630,53983,65322,220,-4568,0,0
Manufacture of abrasive products,3,547,547,1017919,1004849,113698,891151,1004355,817228,156371,21951,-2516,0,0
"Manufacture of miscellaneous non-metallic mineral products, n.e.c.",c,c,c,c,c,c,c,c,c,c,c,c,c,c
Operation of blast furnaces and steel making furnaces,50,4720,4720,65401928,62480120,1464164,61015956,65858407,60997932,3247525,813353,-1466567,0,0
Operation of rolling mills,23,1768,1764,19768686,17083821,768223,16315598,19449911,15270822,3834438,81591,170880,0,0
"Pipes and tubes manufacturing, iron or steel",25,2687,2685,10782925,9166144,603453,8562691,10513706,7620579,2604558,119431,-353723,0,0
Manufacture of pipe fittings of iron or steel,5,421,421,1773071,1694915,69603,1625312,1789657,1506925,179489,1846,12992,0,0
"Manufacture of galvanized steel sheets, tinplates and other coated metal products made in steel works or rolling mills",26,1852,1845,20750453,20223215,976997,19246219,20658772,17519906,2386277,296019,-728916,0,0
"Operation of steel works and rolling mills, n.e.c.",6,639,639,6902278,6697780,121762,6576017,5119470,4475009,406419,8913,446224,0,0
Gold and other precious metal refining,s,s,s,s,s,s,s,s,s,s,s,s,s,s
"Non-ferrous smelting and refining , except precious metals",7,1890,1890,65604127,66806768,1201333,65605435,63393069,53470186,6132356,8326016,8309347,0,0
"Non-ferrous rolling, drawing and extrusion mills",s,s,s,s,s,s,s,s,s,s,s,s,s,s
Manufacture of pipe fittings of non-ferrous metals,5,281,281,294501,243456,23303,220154,287402,199020,87190,0,-2142,0,0
"Manufacture of basic precious and other non-ferrous metals, n.e.c.",3,240,240,1902963,1403893,134258,1269636,1900541,1129936,645233,6360,101355,0,0
Casting/foundry of iron,10,415,415,329401,310162,76735,233427,326788,199183,110616,14339,-515,0,0
Casting/foundry of steel,8,839,839,1715103,1527311,237530,1289781,1719997,1193653,473212,41363,18956,0,0
Aluminum and aluminum base alloy casting,13,1955,1955,4707602,4034002,440778,3593224,4709380,3136656,1268012,48315,19236,0,0
"Copper and copper base alloy (brass, bronze) casting",3,439,439,3035670,2975330,171068,2804262,3031898,2454942,303743,102751,-120240,0,0
Zinc and zinc alloy casting,3,568,568,942508,1069116,175726,893391,936742,720808,135939,34128,14824,0,0
"Casting of non-ferrous metal, n.e.c.",c,c,c,c,c,c,c,c,c,c,c,c,c,c
"Manufacture of structural steel products and metal components of bridges, smoke stacks and buildings",38,9726,9722,10561313,10213208,2255221,7957987,10616351,6177294,3215349,139611,166889,0,0
"Manufacture of other architectural and related metal work (e.g., doors, windows, shutters, gates, etc.)",59,3030,2999,3542145,3352732,449139,2903593,3567751,2637195,786131,92166,-1028,0,0
"Manufacture of structural metal products, n.e.c.",45,2965,2957,7174517,6862666,765754,6096911,6586207,5002820,1359404,195064,163126,3918,0
"Manufacture of tanks, reservoirs and containers of metal",16,1252,1252,2713574,2553051,521655,2031396,2705819,1684200,757330,35886,78103,0,0
"Manufacture of steam generators, except central heating hot water boilers",6,1322,1322,1941786,1286203,467620,818584,1937204,596229,1276494,62414,93956,0,0
Manufacture of small arms and accessories,5,954,953,2795569,2700916,509399,2191517,2495013,1678769,637823,134353,-178600,0,0
"Manufacture of weapons and ammunitions, n.e.c.",c,c,c,c,c,c,c,c,c,c,c,c,c,c
"Forging, pressing, stamping and roll-forming of metal products",66,6867,6848,20028274,19302688,1958820,17343868,19848299,15139895,3514075,577700,219899,0,0
Powder metallurgy,..,..,..,..,..,..,..,..,..,..,..,..,..,..
Treatment and coating of metals; machining,24,1290,1290,2647314,2461121,336541,2124579,2576760,1452919,864323,204059,-30239,0,0
Manufacture of cutlery,5,427,427,956039,928301,103727,824574,977938,714876,199445,10532,4386,2212,0
Manufacture of hand tools,12,506,506,618563,587058,125541,461517,627319,371647,213210,0,48550,0,0
Manufacture of general hardware,7,3231,3231,4596032,4075194,397608,3677586,4775491,3763992,850633,50623,338434,0,0
Manufacture of blacksmithing tools and welding shop operation,s,s,s,s,s,s,s,s,s,s,s,s,s,s
Manufacture of molding boxes for metal foundry,..,..,..,..,..,..,..,..,..,..,..,..,..,..
Manufacture of metal containers used for the packing or conveyance of goods,35,3768,3756,16230678,15992480,938870,15053611,15561715,13081198,1928760,468864,-837051,0,0
"Manufacture of wire nails, not in steel rolling",8,392,392,1495031,1381524,54499,1327025,1524539,1309156,184826,448,194160,0,0
Manufacture of fa bricated wire products,21,4761,4748,5358247,5074364,838304,4236060,5333061,3459372,1449653,420584,162371,0,0
Manufacture of small hand-operated kitchen appliances,4,324,324,1170800,1085120,143329,941791,1163690,792648,276562,4569,-46823,0,0
Manufacture of metal sanitary ware and plumbing fixtures,3,927,926,2127107,1527725,172906,1354819,2131904,1111733,956215,70089,-11130,0,0
"Manufacture of needles (except for knitting and sewing machines), pins and fasteners including zippers",3,726,683,1240378,1126830,127016,999815,1185362,799332,275515,-9000,-40990,0,0
"Manufacture of aluminum window and door screens, shades and venetian blinds",12,1377,1376,1759321,1668499,312971,1355528,1758351,1146489,438591,6640,304743,0,0
"Manufacture of miscellaneous fabricated metal products, n.e.c.",100,7757,7717,12380883,11842810,1783477,10059333,11863630,8477372,2621082,274434,-192065,0,8412
Manufacture of electronic valves and tubes,..,..,..,..,..,..,..,..,..,..,..,..,..,..
Manufacture of semi-conductor devices and other electronic components,145,150648,150644,435795464,392689368,50894312,341795056,441468596,287703328,133727326,17643066,9517394,604,0
Manufacture of computers and peripheral equipment and accessories,42,73423,72947,209754595,193670513,17180165,176490348,213485307,162810237,43915849,1997778,-31519317,0,0
Manufacture of communication equipment,12,5178,5158,6079173,5733564,832387,4901177,6252111,4016313,1082569,150553,454153,0,0
Manufacture of consumer electronics,22,12936,12936,55170854,43615683,2662867,40952816,55112046,39053997,15314647,171365,-44787,0,0
"Manufacture of radar equipment, radio remote control apparatus",s,s,s,s,s,s,s,s,s,s,s,s,s,s
Manufacture of electrical quantities measuring and controlling instruments,3,118,118,262082,259287,15624,243662,262082,224915,22194,0,26638,0,0
Manufacture of temperature measuring and controlling hygrometric instruments,4,298,298,228229,206634,70546,136086,200570,116114,99938,3876,1958,0,0
Manufacture of flow of liquids or gases measuring and controlling instruments,c,c,c,c,c,c,c,c,c,c,c,c,c,c
"Manufacture of mechanical motion, measuring and controlling, timing and cycle instruments",..,..,..,..,..,..,..,..,..,..,..,..,..,..
Manufacture of industrial process control equipment,c,c,c,c,c,c,c,c,c,c,c,c,c,c
"Manufacture of professional and scientific and measuring and controlling equipment, n.e.c.",c,c,c,c,c,c,c,c,c,c,c,c,c,c
Manufacture of watches and clocks of all kinds including cases of precious metals,3,2135,2135,1055498,1007062,626600,380462,1058190,210546,790271,20954,-44006,0,0
"Manufacture of other watch and clocks parts, n.e.c.",c,c,c,c,c,c,c,c,c,c,c,c,c,c
Manufacture of optical instruments and lenses,19,7847,7847,15120643,13397553,1738159,11659394,14950296,10118540,4189289,223576,-319708,0,0
Manufacture of photographic equipment and accessories,11,6122,6119,7671730,7267469,1214710,6052759,7832657,5397334,2000928,642237,331702,0,0
Manufacture of magnetic and optical media,s,s,s,s,s,s,s,s,s,s,s,s,s,s
Manufacture of electric motors and generators,5,341,341,784472,749513,85401,664112,771266,576653,150787,13177,-5285,0,0
Manufacture of electrical transformers,18,4617,4612,3486850,3160004,546081,2613924,3466840,2244886,993381,39729,45764,0,3007
Manufacture of switch gear and switchboard apparatus,3,356,356,1026464,995801,80420,915381,1011556,824435,152574,20319,9385,0,0
Manufacture of electricity distribution equipment,8,1188,1188,3251756,2052007,194775,1857232,2817892,1717698,1000070,8393,-512168,0,0
"Manufacture of switches, fuses, sockets, plugs, conductors and lightning arresters and other control apparatus",9,1578,1578,2312080,2220829,253551,1967278,2311117,1699380,492767,24620,-6061,0,0
Manufacture of accumulators (storage batteries) including parts,6,3166,3165,15642297,12569509,1607182,10962327,14481146,7846558,6130528,107888,-1945396,0,0
Manufacture of primary cells and batteries,c,c,c,c,c,c,c,c,c,c,c,c,c,c
Manufacture of fiber optic cables,3,772,772,951486,913065,173014,740052,992213,645089,224840,15521,11660,0,0
Manufacture of other electronic and electric wires and cables,27,6865,6865,26458199,23119061,1755185,21363876,26349886,20078423,5507707,192777,-312969,0,0
Manufacture of wiring devices,s,s,s,s,s,s,s,s,s,s,s,s,s,s
Manufacture of electric lamps fluorescent and fixtures,19,4636,4636,5812866,4773525,737544,4035981,5608086,3155252,2050893,16177,-30650,0,0
Manufacture of lighting equipment and parts except for use on cycle and motor equipment,6,1075,1073,1720250,1600912,188821,1412091,1728949,1233804,388146,73130,38691,0,0
Manufacture of motor vehicle lighting equipment,s,s,s,s,s,s,s,s,s,s,s,s,s,s
Manufacture of lighting sets used for christmas trees and the like,s,s,s,s,s,s,s,s,s,s,s,s,s,s
Manufacture of domestic electric fans,5,441,441,818830,803053,96104,706949,830434,659239,137040,20629,1402,0,0
"Manufacture of domestic-type refrigerators and laundry equipment (e.g. clothes washers, washer-dryers, dryers)",s,s,s,s,s,s,s,s,s,s,s,s,s,s
"Manufacture of domestic cooking appliances (e.g. ovens, ranges, cookers, stoves, grillers, etc.)",4,305,305,1835737,1679613,191573,1488041,1812253,1286893,401093,37544,-43145,0,0
"Manufacture of electrothermic domestic appliances (e.g. hair dressing appliances, electric instantaneous storage, heaters, flat-irons, plate warmers, coffee or teamakers)",10,1893,1890,12886153,12515238,758599,11756639,11115433,8050492,1338010,192833,107139,0,0
Manufacture of domestic-type water filters and/or purifiers,c,c,c,c,c,c,c,c,c,c,c,c,c,c
"Manufacture of domestic appliances, n.e.c.",c,c,c,c,c,c,c,c,c,c,c,c,c,c
"Manufacture of battery chargers, solid state",s,s,s,s,s,s,s,s,s,s,s,s,s,s
Manufacture of uninterruptible power supplies (ups),3,4194,4194,42212858,35392516,1374310,34018206,41646882,30567548,8299698,196611,-719897,0,0
"Manufacture of appliance cords, extension cords, and other electrical cord",14,3350,3350,7151530,6767378,976627,5790751,6942455,3903091,2198348,903129,-137475,0,0
"Manufacture of other electrical equipment, n.e.c.",c,c,c,c,c,c,c,c,c,c,c,c,c,c
Manufacture of internal combustion engines (gas and diesel),3,376,376,853700,697277,120242,577034,803620,434663,316731,2592,2467,0,0
Manufacture of engines and turbines for marine propulsion,c,c,c,c,c,c,c,c,c,c,c,c,c,c
"Manufacture of parts of engines and turbines, except for aircraft, vehicle and cycle engines",..,..,..,..,..,..,..,..,..,..,..,..,..,..
Manufacture of fluid power equipment,5,2073,2073,13753529,12751658,1095168,11656489,13700952,10333162,2775022,546142,171015,554816,0
"Manufacture of pumps for liquids, vacuum pumps, air or other gas compressors",4,329,329,3256359,3123512,223817,2899694,3324896,2673782,484338,84384,103865,0,0
"Manufacture of taps, cocks, valves and similar appliances for pipes, boiler shells, tanks, vats or the like",s,s,s,s,s,s,s,s,s,s,s,s,s,s
"Manufacture of bearings, gears and driving elements",6,1235,1225,1986163,1415879,325325,1090554,1944315,787207,1009046,0,-17193,0,0
"Manufacture of ovens, furnaces and furnace burners",..,..,..,..,..,..,..,..,..,..,..,..,..,..
"Manufacture of lifting and hoisting machinery, cranes, elevators , industrial trucks, tractors, stackers, specialized ports for lifting and handling equipment",8,477,474,859727,764154,76117,688037,865579,614816,194020,84,-24892,0,0
"Manufacture of derricks, lifting and handling equipment for construction and mining",5,304,304,352901,346009,132850,213160,329736,91603,158856,0,2386,0,0
"Manufacture of other lifting and handling equipment, n.e.c.",c,c,c,c,c,c,c,c,c,c,c,c,c,c
"Manufacture of calculating machines, adding machines, cash registers, calculators",4,4167,4167,8930038,8585736,702276,7883459,8886395,7477683,1259182,71146,-1474,0,0
Manufacture of bills/coin counting and coin wrapping machinery,c,c,c,c,c,c,c,c,c,c,c,c,c,c
Manufacture of other of fice and accounting machineries,..,..,..,..,..,..,..,..,..,..,..,..,..,..
"Manufacture of other office machinery and equipment (except computers and peripheral equipment), n.e.c.",c,c,c,c,c,c,c,c,c,c,c,c,c,c
Manufacture of power-driven hand tools,..,..,..,..,..,..,..,..,..,..,..,..,..,..
Manufacture of weighing machines except scientific weighing apparatus used for laboratories,s,s,s,s,s,s,s,s,s,s,s,s,s,s
Manufacture of refrigerating or freezing equipment for commercial purposes,5,403,403,3370781,3123760,243607,2880153,3280283,2400101,601064,5066,-148828,0,0
Manufacture of unit air-conditioners,9,1081,1081,14660495,13030764,1189283,11841481,10858518,6471322,3090615,325215,-81707,0,0
Manufacture of packing and wrapping machinery,4,226,226,399021,367761,57540,310222,390386,264602,100827,995,-18746,0,0
Manufacture of machinery for cleaning or drying bottles or other containers or for aerating beverages,s,s,s,s,s,s,s,s,s,s,s,s,s,s
"Manufacture of fans intended for industrial applications, exhaust hoods for commercial, laboratory or industrial use",3,170,170,365078,320442,57074,263368,358954,231981,107036,0,9457,0,0
"Manufacture of gas or electric welding, brazing or soldering machines",9,711,705,1753067,1601985,205105,1396881,1719019,1099264,479042,130425,-70016,0,0
"Manufacture of other general-purpose machinery, n.e.c. (including manufacture of specialized parts for general purpose machinery and equipment)",c,c,c,c,c,c,c,c,c,c,c,c,c,c
Manufacture of farm tractors,8,649,644,1803882,1710499,111585,1598915,1630089,1333731,237284,21646,11148,0,0
Manufacture of mechanical implements for crop production,..,..,..,..,..,..,..,..,..,..,..,..,..,..
"Manufacture of agricultural and forestry machinery and equipment, n.e.c.",c,c,c,c,c,c,c,c,c,c,c,c,c,c
Manufacture of machine tools for working metal,8,452,451,939971,1050428,152209,898219,937489,778647,102056,883,9108,0,0
Manufacture of machine tools and accessories including precision measuring tools,7,305,304,286178,289806,73604,216202,280081,156943,82684,31109,403,0,0
Parts and accessories for the machine tools classified in this group,3,347,347,331650,324344,99728,224616,318861,163183,110163,10127,-16016,0,0
"Manufacture of metal-forming machinery and machine tools, n.e.c.",c,c,c,c,c,c,c,c,c,c,c,c,c,c
Manufacture of machinery for metallurgy,34,3660,3651,7270072,6178380,802459,5375921,8121211,4554298,2956981,940899,642756,0,0
Manufacture of heavy machinery and equipment used for mining and quarrying,4,375,375,1673465,1625034,84636,1540398,1606634,1253438,174124,0,258119,0,0
Manufacture of heavy machinery and equipment used for construction,c,c,c,c,c,c,c,c,c,c,c,c,c,c
Manufacture of machinery for food processing,10,789,789,648483,616914,118594,498319,613973,413147,168972,9031,-26658,45,0
"Manufacture of presses, crushers and similar machinery used to make wine, cider, fruit juices or similar beverages",..,..,..,..,..,..,..,..,..,..,..,..,..,..
Manufacture of textile machinery,..,..,..,..,..,..,..,..,..,..,..,..,..,..
"Manufacture of washing, laundry, dry-cleaning and pressing machines",..,..,..,..,..,..,..,..,..,..,..,..,..,..
"Manufacture of needles for knitting, sewing machines",..,..,..,..,..,..,..,..,..,..,..,..,..,..
"Manufacture of machinery for pulp, paper and paperboard industries",3,200,200,279127,264736,45677,219059,283485,162989,69060,2948,90240,0,0
Manufacture of machinery for working rubber or plastic or for the manufacture of products of these materials,7,586,586,517099,469438,93654,375784,514283,320677,165550,11416,-31310,0,0
Manufacture of printing-trade machinery and equipment,c,c,c,c,c,c,c,c,c,c,c,c,c,c
"Manufacture of machinery for producing tiles, bricks, shaped ceramic",..,..,..,..,..,..,..,..,..,..,..,..,..,..
"Manufacture of other special-purpose machinery, n.e.c.",c,c,c,c,c,c,c,c,c,c,c,c,c,c
Manufacture of motor vehicles,33,6647,6646,209898115,113234112,4808365,108425746,200286810,89733111,104551418,1192472,6693034,0,0
Manufacture of bodies (coachwork) for motor vehicles,16,1313,1308,3343179,2999593,314962,2684631,3362100,2468311,786421,9640,158263,0,0
Manufacture of trailers and semi-trailers,..,..,..,..,..,..,..,..,..,..,..,..,..,..
Manufacture of electric ignition or starting equipment for internal combustion engines,20,42560,42552,86909071,82719116,9430734,73288382,85283450,64523754,16771115,640247,-157810,196,0
Manufacture of parts and accessories for motor vehicles and their engines,80,31253,31248,99201871,92354346,9282606,83071740,97939795,69663883,22258728,5544955,-848929,282905,0
Building of ships and boats other than sports and pleasure boats,29,19889,19839,83002820,76955427,4200490,72754937,81755793,63934724,15721476,586586,-1677681,356989,0
Manufacture of metal sections for ships and barges,s,s,s,s,s,s,s,s,s,s,s,s,s,s
"Manufacture of other pleasure and sporting boats, n.e.c.",s,s,s,s,s,s,s,s,s,s,s,s,s,s
Manufacture of air and spacecraft and related machinery,9,3912,3912,19549461,16841002,4051255,12789747,20277775,11446021,8001461,668384,2166992,0,0
Manufacture and assembly of motorcycles,11,3297,3291,57765226,54160098,2073640,52086458,50696551,36584389,7906205,489497,-571127,0,0
Manufacture of motorcycle engines and parts thereof,6,2044,2027,3208592,2901876,453753,2448123,3184303,1838914,932371,78265,-41427,0,0
Manufacture of tricycles and parts thereof,..,..,..,..,..,..,..,..,..,..,..,..,..,..
Manufacture of side cars,3,152,146,101940,100063,14888,85174,75460,56223,18057,0,-5718,0,0
Manufacture of parts and accessories of motorcycles,5,552,550,687726,662256,83277,578979,687359,538751,132277,6087,-351,0,0
Manufacture of bicycles and bicycle parts,s,s,s,s,s,s,s,s,s,s,s,s,s,s
"Manufacture of invalid carriages, motorized and non-motorized",..,..,..,..,..,..,..,..,..,..,..,..,..,..
Manufacture of hand-propelled vehicles,s,s,s,s,s,s,s,s,s,s,s,s,s,s
Manufacture of wood furniture,151,10823,10710,7600845,7379572,1855936,5523636,7263739,4272477,2369027,77570,-128868,0,0
"Manufacture of rattan furniture (reed, wicker, and cane)",19,1328,1326,1103640,984037,231098,752939,1115154,683651,384234,2581,-9649,0,0
Manufacture of box beds and mattresses,26,4022,4016,9146598,8568791,695625,7873166,8832028,6975818,1481318,144579,195407,0,0
"Manufacture of partitions, shelves, lockers and office and store fixtures",13,798,798,876397,814899,148688,666211,862553,604485,231447,7693,8272,0,0
Manufacture of plastic furniture,12,686,686,1827131,1775933,133799,1642134,1800753,1515716,250397,32035,-51688,0,0
Manufacture of furniture and fixtures of metal,42,2344,2334,3046815,2666239,501771,2164468,2838836,1706429,857780,32478,41185,0,0
"Manufacture of other furniture and fixtures, n.e.c.",9,890,889,2266446,2089278,305129,1784148,2148632,1465452,541056,10535,-6963,0,0
Manufacture of jewelry made of precious and semi-precious stones,14,1648,1637,1379611,1302614,261192,1041423,1392544,949813,388490,10872,23588,0,0
Manufacture of silverware and plated ware,4,245,245,195062,195480,34997,160483,199943,137352,47906,0,-17944,0,0
Manufacture of articles related to jewelry,12,1118,1118,667115,555191,150225,404966,648552,307133,280036,6936,85438,0,0
Manufacture of imitation of jewelry and related articles,14,928,922,342823,326331,106368,219963,326406,132437,159240,6332,-15411,0,0
Manufacture of guitars,3,165,165,67773,58322,27585,30737,71813,20405,40441,1031,9872,0,0
Manufacture of wind and percussion instruments,c,c,c,c,c,c,c,c,c,c,c,c,c,c
Manufacture of musical instrument parts and accessories,c,c,c,c,c,c,c,c,c,c,c,c,c,c
Manufacture of sporting gloves and mitts,3,915,915,672649,659761,205538,454224,669188,319769,250241,942,4243,0,0
Manufacture of sporting balls,7,1263,1263,2550708,2457759,390662,2067097,2577567,1890597,584540,42096,-102497,0,0
"Manufacture of sporting and athletic goods, n.e.c.",c,c,c,c,c,c,c,c,c,c,c,c,c,c
Manufacture of dolls and doll garments,19,2718,2717,6320762,6026582,546515,5480068,6226215,4853233,978016,18075,-395270,0,0
Manufacture of wheeled toys,c,c,c,c,c,c,c,c,c,c,c,c,c,c
"Manufacture of electronic games (video games, checkers)",c,c,c,c,c,c,c,c,c,c,c,c,c,c
"Manufacture of toys and games, n.e.c.",c,c,c,c,c,c,c,c,c,c,c,c,c,c
"Manufacture of medical, surgical, dental furniture and fixtures",7,4619,4615,7633053,7505269,1130537,6374732,7504252,4721543,1998770,25390,-178436,0,0
"Manufacture of ophthalmic goods, eyeglasses, sunglasses, lenses ground to prescription, contact lenses, safety goggles",s,s,s,s,s,s,s,s,s,s,s,s,s,s
"Manufacture of prosthetic appliances, artificial teeth made to order",5,559,559,244331,244013,91573,152440,246180,115973,105437,1816,7212,0,0
Manufacture of medical and precision instruments,15,4576,4571,1842316,1638153,437535,1200618,1843246,894278,752577,369673,56507,0,0
"Manufacture of other medical and dental instruments and supplies, n.e.c.",c,c,c,c,c,c,c,c,c,c,c,c,c,c
Manufacture of pens and pencils of all kinds,3,187,187,796047,529496,79208,450289,826576,243451,393005,386,10912,0,0
"Manufacture of umbrellas, walking sticks, canes, whips and riding crops",s,s,s,s,s,s,s,s,s,s,s,s,s,s
"Manufacture of articles for personal use, e.g. smoking pipes, combs, slides and similar articles",26,2936,2921,1692827,1529040,686910,842129,1656324,633990,936043,4525,-7476,0,0
Manufacture of candles,3,138,138,297867,281703,15325,266379,305828,267414,33830,0,9219,0,0
"Manufacture of artificial flowers, fruits and foliage",..,..,..,..,..,..,..,..,..,..,..,..,..,..
Manufacture of wooden coffin,7,263,263,227017,216279,42963,173316,225978,154080,64994,1904,2943,0,0
Manufacture of metal coffin,c,c,c,c,c,c,c,c,c,c,c,c,c,c
"Manufacture of buttons, except plastic",4,334,334,167530,156629,51685,104944,167492,83023,74624,2652,13861,0,0
"Manufacture of brooms, brushes and fans",3,94,94,34188,32473,12798,19675,34708,29466,4108,0,-8017,0,0
"Manufacture of identification plates, badges, emblems and tags",3,387,387,340223,272326,84284,188042,326447,129511,177482,27062,-909,0,0
Manufacture of signs and advertising displays,9,438,438,582812,549527,49271,500256,588113,466167,110926,1838,3255,0,0
Manufacture of cigarette lighters,9,747,747,5185934,4886517,422142,4464375,5104577,2670758,1019554,83240,102841,0,0
"Manufacture of miscellaneous articles, n.e.c.",c,c,c,c,c,c,c,c,c,c,c,c,c,c
Repair of fabricated metal products,69,2894,2864,2111134,1875894,434081,1441813,2105728,1143292,845559,33456,33594,0,0
Repair of machinery,46,2234,2231,2386527,1829174,543356,1285818,2367568,1165887,1007126,139684,-206493,0,0
Repair of electronic and optical equipment,..,..,..,..,..,..,..,..,..,..,..,..,..,..
Repair of electrical equipment,s,s,s,s,s,s,s,s,s,s,s,s,s,s
Repairing of ships and boats other than sports and pleasure boats,13,1230,1230,1612600,1345321,205457,1139864,1606891,919238,548621,44853,-585,0,0
Repairing of sports and pleasure boats,..,..,..,..,..,..,..,..,..,..,..,..,..,..
"Repair of transport equipment, except motor vehicles, n.e.c.",3,410,406,748924,774470,214393,560077,709739,356384,251763,279594,11928,0,0
Repair of other equipmen t,s,s,s,s,s,s,s,s,s,s,s,s,s,s
Installation of industrial machinery and equipment,..,..,..,..,..,..,..,..,..,..,..,..,..,..
